epoch,accuracy,loss,mae,mape,mse
0,0.0,0.19867682456970215,0.4031999707221985,11.224081039428711,0.6651167273521423
1,0.0,0.009659161791205406,0.10290563106536865,3.0784404277801514,0.019318323582410812
2,0.0,0.004076862707734108,0.06549068540334702,1.8577708005905151,0.008153725415468216
3,0.0,0.0028395052067935467,0.0528792180120945,1.4381974935531616,0.005679010413587093
4,0.0,0.0027487489860504866,0.052435725927352905,1.4124647378921509,0.005497497972100973
